﻿Designator,Footprint,Quantity,Value,LCSC Part #
"C201, C203, C204, C205, C304, C308, C309, C601",0805,8,100nF,
C202,0805,1,4.7uF,
"C301, C302, C303, C305, C306, C307, C310, C401, C402, C403, C404, C405, C406, C407, C408, C409, C410, C411, C412, C413, C414, C415, C416, C417, C418, C419, C420, C421, C422, C423, C424, C425, C426, C427, C428, C429, C430, C431, C432, C433, C434, C435, C436, C437, C501, C504",0805,46,1uF,
C311,0805,1,0.1uF,
C503,C_Elec_6.3x5.4,1,100uF,
"C602, C603",0805,2,22pF,
D101,D_SMA,1,SR240 SS24,
D201,0805,1,RED,
D202,0805,1,GREEN,
D501,1206,1,RED,
D602,0805,1,Orange,
F301,0805,1,500mA,
J101,IDC-Header_2x05_P2.54mm_Vertical,1,Conn_02x05_Odd_Even,
J301,USB_C_Receptacle_G-Switch_GT-USB-7010ASV,1,USB_C_Receptacle_USB2.0_16P,
L301,0805,1,10uH,
Q502,SOT-23,1,BSS138 JI,
"R101, R102, R304, R401, R402, R403, R404, R405, R406, R407, R408, R409, R410, R411, R412, R413, R414, R415, R416, R417, R418, R419, R420, R421, R422, R423, R424, R425, R426, R427, R428, R429, R430, R431, R432, R433, R434, R503, R604",0805,39,10K,
R103,0805,1,0R,
"R201, R602",0805,2,130R,
R202,0805,1,30R,
"R301, R302",0805,2,5K1,
"R303, R502",0805,2,47K,
R305,0805,1,22K,
R306,0805,1,1M,
R504,0805,1,150R,
"R609, R610, R611, R612, R613, R614, R615",0805,7,250R,
SW401,SW_SPST_Omron_B3F-40xx,1,DISPLAY,
SW402,SW_SPST_Omron_B3F-40xx,1,RUN,
SW403,SW_SPST_Omron_B3F-40xx,1,LEFT,
SW404,SW_SPST_Omron_B3F-40xx,1,MEMORY,
SW405,SW_SPST_Omron_B3F-40xx,1,COMP,
SW406,SW_SPST_Omron_B3F-40xx,1,UP,
SW407,SW_SPST_Omron_B3F-40xx,1,MENU,
SW408,SW_SPST_Omron_B3F-40xx,1,DOWN,
SW409,SW_SPST_Omron_B3F-40xx,1,INFEED,
SW410,SW_SPST_Omron_B3F-40xx,1,ENTER,
SW411,SW_SPST_Omron_B3F-40xx,1,RIGHT,
SW412,SW_SPST_Omron_B3F-40xx,1,DECIMAL,
SW413,SW_SPST_Omron_B3F-40xx,1,HEAD_POS,
SW414,SW_SPST_Omron_B3F-40xx,1,1,
SW415,SW_SPST_Omron_B3F-40xx,1,4,
SW416,SW_SPST_Omron_B3F-40xx,1,7,
SW417,SW_SPST_Omron_B3F-40xx,1,FTI,
SW418,SW_SPST_Omron_B3F-40xx,1,2,
SW419,SW_SPST_Omron_B3F-40xx,1,5,
SW420,SW_SPST_Omron_B3F-40xx,1,8,
SW421,SW_SPST_Omron_B3F-40xx,1,SHEAR,
SW422,SW_SPST_Omron_B3F-40xx,1,3,
SW423,SW_SPST_Omron_B3F-40xx,1,6,
SW424,SW_SPST_Omron_B3F-40xx,1,9,
SW425,SW_SPST_Omron_B3F-40xx,1,PAUSE,
SW426,SW_SPST_Omron_B3F-40xx,1,PLUS,
SW427,SW_SPST_Omron_B3F-40xx,1,MINUS,
SW428,SW_SPST_Omron_B3F-40xx,1,0,
TP101,TestPoint_Keystone_5000-5004_Miniature,1,Red,
"TP103, TP304, TP505",TestPoint_Keystone_5000-5004_Miniature,3,Black,
"TP301, TP302, TP501, TP502, TP504",TestPoint_Keystone_5000-5004_Miniature,5,White,
"TP303, TP307, TP503",TestPoint_Keystone_5000-5004_Miniature,3,Yellow,
TP305,TestPoint_Keystone_5000-5004_Miniature,1,125-00869,
"TP306, TP308",TestPoint_Keystone_5000-5004_Miniature,2,125-00868,
U201,SSOP-28_5.3x10.2mm_P0.65mm,1,FT232RL,
"U301, U302, U303",SOIC127P600X175-14N,3,SN74HCS4075DR,
"U304, U308",SOT-23-5,2,NC7SZ00M5X,
"U305, U503",SOIC-8_3.9x4.9mm_P1.27mm,2,LMC555CMX/NOPB,
U306,SOT-23-6,1,USBLC6-2SC6,
U307,SOT-223-3_TabPin2,1,AMS1117-3.3,
"U401, U402, U403, U404, U405",SOP65P640X120-14N,5,SN74HC14PWR,
U406,SOT95P280X145-6N,1,SN74LVC2G14DBV,
"U407, U408",SSOP-24_5.3x8.2mm_P0.65mm,2,PCF8575DBR,
U409,SOT-353_SC-70-5,1,"74LVC1G32GW,125",
U501,SC-74A-5_1.55x2.9mm_P0.95mm,1,NC7SZ08M5X,
U601,TQFP-32_7x7mm_P0.8mm,1,ATMEGA328-AU,
Y601,Crystal_SMD_3225-4Pin_3.2x2.5mm,1,20MHz,
