﻿Designator,Footprint,Quantity,Value,LCSC Part #
A101,Arduino_Nano,1,Arduino_Nano_v3.x,
"C101, C102, C103, C104, C105, C106, C301, C302, C303, C304, C305, C306, C307, C308, C310, C401, C402, C403, C404, C405, C406, C407, C408, C409, C410, C411, C412, C413, C414, C415, C416, C417, C418, C419, C420, C421, C422, C423, C424, C425, C426, C427, C428, C429, C430, C431, C432, C433, C434, C435, C436, C437, C501, C502, C504",0805,55,1uF,
C309,0805,1,.47uF,
C503,0805,1,100uF,
D501,1206,1,LED,
J101,IDC-Header_2x05_P2.54mm_Vertical,1,Conn_02x05_Odd_Even,
"Q301, Q302, Q501",SOT-23,3,BSS83P,
Q502,SOT-23,1,BSS138 JI,
"R301, R302, R305, R401, R402, R403, R404, R405, R406, R407, R408, R409, R410, R411, R412, R413, R414, R415, R416, R417, R418, R419, R420, R421, R422, R423, R424, R425, R426, R427, R428, R429, R430, R431, R432, R433, R434, R501, R503",0805,39,10K,
"R303, R502",0805,2,47K,
R304,0805,1,330K,
R504,0805,1,150R,
SW401,SW_SPST_Omron_B3F-40xx,1,DISPLAY,
SW402,SW_SPST_Omron_B3F-40xx,1,RUN,
SW403,SW_SPST_Omron_B3F-40xx,1,LEFT,
SW404,SW_SPST_Omron_B3F-40xx,1,MEMORY,
SW405,SW_SPST_Omron_B3F-40xx,1,COMP,
SW406,SW_SPST_Omron_B3F-40xx,1,UP,
SW407,SW_SPST_Omron_B3F-40xx,1,MENU,
SW408,SW_SPST_Omron_B3F-40xx,1,DOWN,
SW409,SW_SPST_Omron_B3F-40xx,1,INFEED,
SW410,SW_SPST_Omron_B3F-40xx,1,ENTER,
SW411,SW_SPST_Omron_B3F-40xx,1,RIGHT,
SW412,SW_SPST_Omron_B3F-40xx,1,DECIMAL,
SW413,SW_SPST_Omron_B3F-40xx,1,HEAD_POS,
SW414,SW_SPST_Omron_B3F-40xx,1,1,
SW415,SW_SPST_Omron_B3F-40xx,1,4,
SW416,SW_SPST_Omron_B3F-40xx,1,7,
SW417,SW_SPST_Omron_B3F-40xx,1,FTI,
SW418,SW_SPST_Omron_B3F-40xx,1,2,
SW419,SW_SPST_Omron_B3F-40xx,1,5,
SW420,SW_SPST_Omron_B3F-40xx,1,8,
SW421,SW_SPST_Omron_B3F-40xx,1,SHEAR,
SW422,SW_SPST_Omron_B3F-40xx,1,3,
SW423,SW_SPST_Omron_B3F-40xx,1,6,
SW424,SW_SPST_Omron_B3F-40xx,1,9,
SW425,SW_SPST_Omron_B3F-40xx,1,PAUSE,
SW426,SW_SPST_Omron_B3F-40xx,1,PLUS,
SW427,SW_SPST_Omron_B3F-40xx,1,MINUS,
SW428,SW_SPST_Omron_B3F-40xx,1,0,
"TP101, TP102",TestPoint_Keystone_5000-5004_Miniature,2,Red,
"TP103, TP304, TP505",TestPoint_Keystone_5000-5004_Miniature,3,Black,
"TP301, TP302, TP306, TP501, TP502, TP504",TestPoint_Keystone_5000-5004_Miniature,6,White,
"TP303, TP305, TP307, TP503, TP506",TestPoint_Keystone_5000-5004_Miniature,5,Yellow,
"U301, U302, U303, U304, U305",SOIC127P600X175-14N,5,SN74HCS4075DR,
"U306, U406, U502",SOT95P280X145-6N,3,SN74LVC2G14DBV,
"U307, U503",SOIC-8_3.9x4.9mm_P1.27mm,2,LMC555xM,
U308,SOT95P280X145-6N,1,SN74LVC2G14DBVR,
"U401, U402, U403, U404, U405",SOP65P640X120-14N,5,SN74HC14PWR,
"U407, U408",SSOP-24_5.3x8.2mm_P0.65mm,2,PCF8575DBR,
U409,SOT-353_SC-70-5,1,"74LVC1G32GW,125",
U501,SC-74A-5_1.55x2.9mm_P0.95mm,1,NL17SZ08,
