﻿Designator,Footprint,Quantity,Value,LCSC Part #
"C301, C302",CP_Elec_8x10.5,2,330uF 25V,
C303,CP_EIA-7343-31_Kemet-D,1,10uF 50V,C117038
"C304, C305, C306, C307, C308",CP_EIA-7343-31_Kemet-D,5,10uF 50V,
"C401, C404, C406, C407, C414, C415, C416, C417, C418, C419, C420, C421, C422, C423, C424, C425, C426, C427, C428, C430, C433, C434, C438, C602, C603, C606, C607",0805,27,100nF,
"C402, C403, C408, C409, C411, C412",0805,6,22pF,
"C405, C701, C702, C703, C704, C705, C706, C707, C708, C709, C710, C711, C712, C713",0805,14,1uF,
C410,0805,1,10pF,
C413,0805,1,10nF,
"C429, C431, C432, C435, C436, C437",0805,6,4.7uF,
C601,CP_EIA-3216-10_Kemet-I,1,10uF,
"C604, C605",0805,2,0.1uF,
"C608, C609",CP_Elec_4x5.4,2,470uF,
"C714, C715, C716, C717, C718, C719, C720, C721, C722",0805,9,47uF,
"D201, D203, D205, D207, D209, D211, D213, D215, D217, D219, D717",1210,11,RED,
"D202, D204, D206, D208, D210, D212, D214, D216, D218, D220",D_SMA,10,SMAJ24A,
"D301, D302, D305",D_SMC,3,SS10100,
"D303, D702, D703, D704, D705, D706, D707, D708, D709, D710, D711, D712, D713, D714, D715, D716",1210,16,BLUE,
D304,D_SMA,1,SMAZ27-ZJN,
D306,D_SMA,1,1N4002 M2,C5189701
D307,1210,1,WHITE,
"D308, D310",D_SMA,2,1N4002 M2,
D309,1210,1,GREEN,
D311,1210,1,YELLOW,
D401,D_SOD-323,1,1N4148W,
D402,1206,1,YELLOW,
"D403, D601",1206,2,GREEN,
D602,D_SMA,1,SS34,
D701,1210,1,BLUE,C284945
"F201, F601",1812,2,500mA,
F501,Fuseholder_Clip-5x20mm_Keystone_3512P_Inline_P23.62x7.27mm_D1.02x2.41x1.02x1.57mm_Horizontal,1,3512P,
"H101, H102, H103, H104",MountingHole_5mm_Pad_Via,4,MountingHole_Pad,
IC401,SON50P300X200X60-9L,1,AT24C256C-MAHL-E,
"IC701, IC702, IC703, IC704, IC705",LTV846S,5,LTV-846S,C571217
"J201, J601",USB_C_Receptacle_G-Switch_GT-USB-7010ASV,2,USB_C_Receptacle_USB2.0_16P,
J202,IDC-Header_2x07_P2.54mm_Vertical,1,Conn_02x07_Odd_Even,
"J203, J502",TerminalBlock_bornier-2_P5.08mm,2,Screw_Terminal_01x02,
J301,BarrelJack_Wuerth_6941xx301002,1,Barrel_Jack_MountingPin,
J501,IDC-Header_2x10_P2.54mm_Vertical,1,Conn_02x10_Odd_Even,
J602,RJ45_Amphenol_RJMG1BD3B8K1ANR,1,RJ45_Amphenol_RJMG1BD3B8K1ANR,
J603,IDC-Header_2x05_P2.54mm_Vertical,1,Conn_02x05_Odd_Even,
J604,SMA_Amphenol_901-143_Horizontal,1,Conn_Coaxial,
J605,Hirose_FH12-24S-0.5SH_1x24-1MP_P0.50mm_Horizontal,1,Conn_01x24_MountingPin,
JP401,TestPoint_2Pads_Pitch2.54mm_Drill0.8mm,1,Jumper_2_Open,
JP601,TestPoint_2Pads_Pitch2.54mm_Drill0.8mm,1,Jumper_2_Bridged,
"L201, L301, L601",L_12x12mm_H8mm,3,470uH,
"L401, L402, L403",0805,3,10uH,
"Q201, Q202, Q203, Q204, Q205, Q206, Q207, Q208, Q209, Q210",IRFR7540TRPBF,10,IRFR7540TRPBF,C3007637
Q401,SOT-23-3,1,DMP3099L,
"Q601, Q701, Q702, Q703, Q704, Q705, Q706, Q708, Q709, Q710, Q711, Q712, Q713, Q714, Q715, Q716, Q717",SOT-23,17,BSS138 JI,
Q707,SOT-23,1,BSS138 JI,C52895
"R201, R202, R203, R204, R209, R210, R211, R212, R217, R218",1206,10,10K,C1489
"R205, R206, R207, R208, R213, R214, R215, R216, R718, R719, R721, R722, R734, R735, R740, R741, R744, R745, R746, R747, R748, R749, R750, R751",1206,24,200R,C844654
"R219, R220, R304, R720",1206,4,200R,
"R221, R222, R603, R604",0805,4,5K1,
R301,1206,1,2K2,C137315
R302,1206,1,300R,C333083
R303,1206,1,900R,C137315
R305,1206,1,300R,C137315
R306,1206,1,2K580,C872782
R307,1206,1,900R,C114943
R308,1206,1,300R,C844654
R309,1206,1,470R,C333083
R310,1206,1,22R,C137313
R311,1206,1,30R,
"R401, R403, R440, R610",0805,4,10K,
"R402, R404",0805,2,1K,
R405,0805,1,300R,
R406,0805,1,200R,
"R407, R408, R608, R609",0805,4,1K5,C60816
R409,0805,1,6K8,
R410,0805,1,0R,
"R411, R723, R724, R725, R726, R727, R728, R729, R730, R731, R732, R733, R736, R737, R738, R739, R742, R743",0805,18,100K,
"R412, R413, R414, R415, R416, R417, R418, R419, R420, R421, R422, R423, R424, R425, R426, R427, R428, R429, R430, R431, R432, R433, R434, R435, R436, R437, R438, R439",0805,28,33R,
"R441, R442, R443",0805,3,1R,
R601,0805,1,0,
R602,0805,1,30R,
"R605, R606, R607",0805,3,510R,
"R701, R702, R703, R704, R705, R706, R707, R708, R709, R710, R711, R712, R713, R714, R715, R716, R717",0805,17,1K2,
"SW401, SW601",SW_SPST_EVQPE1,2,SW_SPST_Omron_B3FS-100xP,
TP701,TestPoint_THTPad_D1.0mm_Drill0.5mm,1,Orange,C5277086
"U201, U601",SOT-23-6,2,USBLC6-2SC6,
U301,TO-263-3_TabPin2,1,LM1084-ADJ,C259971
"U302, U303",TO-263-3_TabPin2,2,LM1084-ADJ,
U401,QFN-32-1EP_5x5mm_P0.5mm_EP3.6x3.6mm_ThermalVias,1,ATmega16U2-M,
"U402, U403",Texas_R-PDSO-G5_DCK-5,2,SN74LVC1G125DCK,
U404,QFP50P2200X2200X145-144N,1,ATSAM3X8EA-AU,
U602,MSOP-10_3x3mm_P0.5mm,1,CH340E,
U603,MODULE_RASPBERRY_PI_ZERO_2_W,1,RASPBERRY_PI_ZERO_2_W,
"U701, U702, U703",SOP65P640X120-14N,3,SN74HC14PWR,
Y401,Crystal_SMD_3225-4Pin_3.2x2.5mm,1,16MHz,
Y402,Crystal_SMD_3225-4Pin_3.2x2.5mm,1,12MHz,
Y403,Crystal_SMD_3225-4Pin_3.2x2.5mm,1,32.768MHz,
